first_name,middle_name,last_name,student_email_id,student_mobile_number,joining_date,date_of_birth,blood_group,gender,nationality,address_line_1,address_line_2,pincode,city,state,country,date_of_leaving,leaving_certificate_number,reason_for_leaving
Sharon,,Taylor,sharon.taylor@example.com,444-455-4573x79837,2016-06-29,1991-08-18,O+,Female,Indian,5530 Ramirez Motorway,,11278,Gulbarga,karnataka,India,2023-04-16,455bfe06-0930-45b5-8dda-972c46404e22,Her firm action list threat lose.
Steven,,Powers,steven.powers@example.com,786.477.7557x5737,2019-03-31,1995-08-11,O+,Other,Indian,3508 Valerie Pass,Suite 040,97959,Gulbarga,karnataka,India,,,
Andrew,David,Donovan,andrew.donovan@example.com,001-416-401-8673x7693,2022-09-30,2000-02-08,O+,Other,Indian,5180 Jessica Pike Apt. 648,Apt. 239,42163,Gulbarga,karnataka,India,2023-03-05,f914a29f-5236-4df4-9bf3-c4e54f7624a1,Pick now force region since while.
Lauren,Stephanie,Shields,lauren.shields@example.com,001-764-953-9493,2015-12-01,2007-12-02,A+,Male,Indian,61526 Cunningham Summit,Apt. 741,78027,Gulbarga,karnataka,India,,,
Jennifer,Bryan,Burgess,jennifer.burgess@example.com,001-920-839-0274x086,2015-06-14,2007-10-06,A+,Other,Indian,6083 Fuentes Trail,,83873,Gulbarga,karnataka,India,2023-06-05,d75c5531-65a0-4a1c-a449-7fe52cd58be3,Against now true position.
Rebecca,Laura,White,rebecca.white@example.com,001-621-559-9305x8017,2020-07-06,1990-08-09,A+,Other,Indian,4063 Brandon Heights,,95927,Gulbarga,karnataka,India,2023-05-24,9d891ca3-6fef-4575-8475-c3fe912fd3ec,Onto environment single often.
Megan,,Hall,megan.hall@example.com,(406)428-5884,2017-10-11,1991-10-11,A+,Male,Indian,517 Henderson Bypass,,06997,Gulbarga,karnataka,India,2023-06-22,d9ebbe6e-9028-49b1-99c0-8ef4a60284a6,Practice contain film whom.
Sherry,,Curtis,sherry.curtis@example.com,(811)379-6331,2020-07-27,2009-11-20,B-,Male,Indian,09002 James Ports,,05640,Gulbarga,karnataka,India,2023-11-08,2c5acc83-2b26-4064-b27c-515834398851,Next describe free wind.
Sarah,,Martinez,sarah.martinez@example.com,810.661.7146,2016-11-04,1997-06-30,O+,Female,Indian,307 Cynthia Track,Apt. 058,03532,Gulbarga,karnataka,India,,,
Angelica,Dennis,Hernandez,angelica.hernandez@example.com,(562)704-1098x21158,2015-11-30,1991-05-08,B-,Male,Indian,25498 Noble Mountain Apt. 978,,76750,Gulbarga,karnataka,India,2023-11-29,8fdd2c8e-57d6-4768-abf7-92c54f051016,Everyone none term.
Maureen,Linda,Allison,maureen.allison@example.com,909-918-1148,2016-03-31,1993-08-29,AB-,Other,Indian,524 Felicia Mills Apt. 899,,81937,Gulbarga,karnataka,India,,,
Kelly,,Osborne,kelly.osborne@example.com,702.455.8119x85772,2021-01-18,1995-10-07,A+,Female,Indian,81804 Frank Court Apt. 638,,76721,Gulbarga,karnataka,India,2023-07-16,f3791867-78cc-4c6c-8a25-68dd42ac0103,Military impact base care manage.
George,Eileen,Moss,george.moss@example.com,(711)900-3966,2020-09-04,1996-03-09,B-,Other,Indian,8086 Maria Port Apt. 692,,12632,Gulbarga,karnataka,India,,,
Kathryn,,Hayes,kathryn.hayes@example.com,(957)250-2250,2020-03-09,2006-06-06,A+,Male,Indian,85377 Garcia Cliffs,Suite 796,65869,Gulbarga,karnataka,India,,,
Mitchell,,Fox,mitchell.fox@example.com,485.804.5285,2021-07-18,1999-06-20,O-,Male,Indian,972 Harris Valley,Suite 233,56421,Gulbarga,karnataka,India,2023-08-07,f55f0d9c-6e4e-4d26-84b3-627425cb3f64,Network deal space field understand.
Kimberly,Elizabeth,Lang,kimberly.lang@example.com,+1-274-600-3995x9352,2016-04-01,2003-04-07,O+,Other,Indian,647 Jordan Corners Suite 390,,81256,Gulbarga,karnataka,India,,,
Tyler,Sharon,Davis,tyler.davis@example.com,001-785-371-3244x64325,2019-11-16,1997-12-31,AB+,Male,Indian,9948 Katherine Mountain Apt. 516,,63752,Gulbarga,karnataka,India,,,
Michael,,Floyd,michael.floyd@example.com,632-499-0044x3639,2020-08-08,1993-08-14,O-,Female,Indian,1870 Murphy Mill Suite 885,,65784,Gulbarga,karnataka,India,2023-05-18,c3efdafa-eafa-4d7a-b3de-b7611cbc6953,Teach benefit ball.
Phillip,John,Gordon,phillip.gordon@example.com,217.985.2024x54133,2018-06-23,2008-11-20,O-,Other,Indian,87608 Barbara Turnpike Apt. 966,,55913,Gulbarga,karnataka,India,,,
William,,Hughes,william.hughes@example.com,578-681-0913x9124,2015-01-12,1998-08-27,B+,Female,Indian,884 Park Crossroad Suite 082,Apt. 162,18311,Gulbarga,karnataka,India,2023-09-13,607ea06f-2d20-405f-badd-69931d6aa7d9,Tend age moment toward assume.
Frank,Stacey,Hughes,frank.hughes@example.com,001-492-411-2222x1904,2020-07-18,1992-12-02,AB+,Other,Indian,0510 Linda Landing Suite 988,Suite 942,86839,Gulbarga,karnataka,India,,,
Paige,Courtney,Delgado,paige.delgado@example.com,(885)495-6440x60538,2015-04-21,2003-10-11,B-,Other,Indian,5837 Craig Port,Suite 358,49977,Gulbarga,karnataka,India,2023-01-21,0eef73b3-0335-4936-836d-fa7873c01c4e,Require information history increase popular interest.
Susan,David,Skinner,susan.skinner@example.com,4094079913,2015-02-26,1992-09-01,A+,Female,Indian,08807 Robin Loaf Suite 192,Apt. 423,50762,Gulbarga,karnataka,India,,,
Anthony,Jon,Peters,anthony.peters@example.com,4222997951,2016-11-16,2004-12-29,O+,Female,Indian,90301 Arnold Union Suite 616,Suite 107,65862,Gulbarga,karnataka,India,2023-05-04,832a64c5-60eb-4e1a-a431-731b6704e3c5,Life add high raise.
Karen,,Davies,karen.davies@example.com,(434)505-4760x64791,2016-04-20,1990-12-28,B-,Female,Indian,61516 Benjamin Fords Suite 526,,57854,Gulbarga,karnataka,India,,,
David,Edward,Wong,david.wong@example.com,916-621-6286x688,2020-02-10,2003-11-18,B+,Other,Indian,923 Patel Loaf,,19783,Gulbarga,karnataka,India,2023-07-23,f1626703-c890-42dc-bd4f-eb35b0dc71c9,Coach along marriage thank.
Destiny,,Davila,destiny.davila@example.com,(505)306-3837x43441,2022-01-20,1997-07-02,O-,Other,Indian,94593 Michael Points,Apt. 310,56555,Gulbarga,karnataka,India,2023-10-21,9e1aea18-e912-4c53-8782-25fd1b8d86fc,Professor everything Mrs pressure after.
Michelle,,Price,michelle.price@example.com,001-575-352-1756x9890,2022-09-20,1999-10-08,O+,Male,Indian,67881 Joseph Oval,Suite 674,53179,Gulbarga,karnataka,India,,,
Connor,,Arnold,connor.arnold@example.com,001-205-832-6684,2022-03-03,2004-05-25,A+,Male,Indian,5602 Jeffrey Creek,,60080,Gulbarga,karnataka,India,2023-09-03,957a39c3-528d-441d-a7d5-44fa8a4468af,Defense apply fast economic and listen.
Andrea,Caleb,Dunn,andrea.dunn@example.com,+1-952-425-3760x64708,2016-10-14,2003-03-02,B+,Other,Indian,12484 Joseph Spring,,72671,Gulbarga,karnataka,India,2023-02-02,2b51c434-ce34-40c6-8af9-e7666bea7888,Thing wife sometimes especially dark write.
Jacqueline,Heather,Patterson,jacqueline.patterson@example.com,001-972-472-3842x57200,2017-10-10,2007-01-30,O+,Other,Indian,312 Lisa Ridge,,27525,Gulbarga,karnataka,India,,,
Jennifer,,Harrison,jennifer.harrison@example.com,649-448-6175,2016-10-05,1999-03-20,B-,Other,Indian,40098 Ann Pines Suite 404,,78920,Gulbarga,karnataka,India,2023-11-03,cad890d7-d289-4d0c-8bda-ac21549b287b,Natural nation two Democrat author.
Amanda,Sarah,Camacho,amanda.camacho@example.com,+1-540-759-0095x84089,2015-04-22,1991-07-19,B+,Male,Indian,90752 Jessica Stravenue Suite 129,,66205,Gulbarga,karnataka,India,2023-11-27,8bebc1f2-6e51-4307-93cc-2fa8beec7b5d,Individual experience sing.
Kevin,Richard,Sanchez,kevin.sanchez@example.com,689-756-1857,2021-10-19,1998-12-04,O+,Male,Indian,164 Heather Isle Suite 039,Apt. 943,19246,Gulbarga,karnataka,India,,,
Sarah,Katie,Spencer,sarah.spencer@example.com,536.482.5026x44562,2016-04-03,1998-05-25,B-,Male,Indian,2005 James Station Suite 338,,18110,Gulbarga,karnataka,India,,,
Miguel,John,Green,miguel.green@example.com,001-471-255-1148x68965,2016-11-23,1998-11-11,A-,Male,Indian,3516 Devon Roads Suite 233,,43904,Gulbarga,karnataka,India,,,
Anna,,Butler,anna.butler@example.com,233.850.6907,2022-05-30,2003-11-19,B-,Female,Indian,818 Malone Key Suite 023,,60299,Gulbarga,karnataka,India,,,
Heidi,,Valdez,heidi.valdez@example.com,2464714447,2021-01-10,1992-10-14,A+,Female,Indian,67433 Avila Fort,Suite 216,16703,Gulbarga,karnataka,India,,,
Douglas,,Mills,douglas.mills@example.com,266-917-7238,2022-10-14,2006-08-01,B-,Male,Indian,7617 Mcdaniel Views Suite 817,Apt. 791,11830,Gulbarga,karnataka,India,2023-02-11,31460017-2c1d-4c30-bdf0-988b4d9f90f8,Base partner statement matter think whatever write idea.
Zachary,Jill,Acosta,zachary.acosta@example.com,7066649898,2020-05-24,1993-09-28,A+,Male,Indian,89132 Johnson Squares,Suite 665,12276,Gulbarga,karnataka,India,,,
Emily,,Harrison,emily.harrison@example.com,001-557-561-6134x183,2015-10-12,1995-04-02,O+,Other,Indian,4409 Cynthia Club Suite 040,Suite 115,93216,Gulbarga,karnataka,India,,,
Amy,Teresa,Flores,amy.flores@example.com,001-571-642-6896x0287,2015-10-28,2009-09-14,AB+,Other,Indian,022 Castillo Alley Apt. 870,Apt. 358,69940,Gulbarga,karnataka,India,,,
Brandon,,Barnes,brandon.barnes@example.com,688-743-3295,2017-11-18,2004-11-12,A-,Female,Indian,97650 Marsh Mountains,Apt. 841,12326,Gulbarga,karnataka,India,2023-12-07,f34dabd5-43ef-4aba-92a6-82f23f88cec3,Home wear by resource.
Diane,Christopher,Griffin,diane.griffin@example.com,632.863.0528x45252,2018-09-30,2002-06-28,B+,Female,Indian,1047 Hernandez Knolls,,95155,Gulbarga,karnataka,India,,,
Melvin,,Kelley,melvin.kelley@example.com,(958)466-5332x5629,2021-01-31,2004-06-12,AB+,Female,Indian,90619 Kevin Path,Apt. 051,01740,Gulbarga,karnataka,India,2023-06-02,4a0e6d3c-071b-4035-b101-9814300c23aa,News design from family lead part worry.
Kevin,Eric,Webb,kevin.webb@example.com,+1-283-518-9247,2019-07-05,2005-04-24,A-,Female,Indian,67615 Bennett Heights Apt. 937,,39708,Gulbarga,karnataka,India,,,
Juan,,Black,juan.black@example.com,781-427-7929,2017-11-23,1999-03-06,B-,Other,Indian,81718 Brenda Loaf,Suite 956,60927,Gulbarga,karnataka,India,,,
Andrew,Kelly,Robinson,andrew.robinson@example.com,001-228-398-8090x11465,2017-12-21,2007-05-10,O-,Other,Indian,221 David Brook Apt. 446,Apt. 445,38900,Gulbarga,karnataka,India,2023-02-05,e1010486-a48a-41e6-a402-c06190146f4f,Edge human development across.
Danielle,Emma,Simpson,danielle.simpson@example.com,279-288-5448x3686,2015-11-22,1993-06-21,B+,Male,Indian,279 Brian Spurs,,92046,Gulbarga,karnataka,India,,,
Donna,Reginald,Wood,donna.wood@example.com,+1-317-644-0104x96745,2018-10-23,1995-01-28,B-,Male,Indian,60475 William Brooks,,71128,Gulbarga,karnataka,India,2023-08-17,e0808f22-1db1-4398-a4db-57c689780487,Situation any head song leave political even many.
Janice,Dale,Meyer,janice.meyer@example.com,001-889-463-2385x8706,2019-10-28,2000-06-10,AB-,Female,Indian,0426 Katie Brooks Apt. 632,Apt. 588,55202,Gulbarga,karnataka,India,,,
Adam,Eric,Parrish,adam.parrish@example.com,(727)762-5472,2015-05-20,2006-05-25,A-,Male,Indian,29425 Albert Orchard,Suite 476,97665,Gulbarga,karnataka,India,2023-10-24,6ce8f003-9bac-4b85-96be-efb591713eaa,Decision fire establish statement five million.
Samantha,Michael,Drake,samantha.drake@example.com,(999)596-0097x1307,2018-11-29,2005-05-16,A+,Other,Indian,752 Donna Key,,47885,Gulbarga,karnataka,India,2023-06-19,a8979ad6-21c4-49ea-964b-e5922eabae15,Beautiful board kitchen reduce true coach blue use.
Shane,,Maxwell,shane.maxwell@example.com,308.540.3462x3380,2020-07-25,1992-03-19,AB-,Female,Indian,8468 Gibson Trail,Apt. 157,61923,Gulbarga,karnataka,India,2023-12-23,e07d1f94-b747-472e-842b-8f1aa3043501,Might bar health general again require.
Michelle,Gregory,Perez,michelle.perez@example.com,7377199819,2015-05-19,1998-11-25,AB+,Male,Indian,94406 Angelica Radial Suite 419,Suite 129,27294,Gulbarga,karnataka,India,,,
Kyle,,Robbins,kyle.robbins@example.com,439.324.1269,2017-04-30,1994-07-18,AB+,Other,Indian,4860 Michael Lights Suite 650,Apt. 286,34681,Gulbarga,karnataka,India,,,
Derek,,Kennedy,derek.kennedy@example.com,861-862-3107x37105,2021-03-31,1992-04-11,AB-,Male,Indian,24489 Tanya Street Suite 366,,97991,Gulbarga,karnataka,India,,,
Chloe,,Adams,chloe.adams@example.com,9839984001,2021-08-31,1994-08-28,A+,Female,Indian,7770 Charles Bridge,Apt. 595,57077,Gulbarga,karnataka,India,,,
Shannon,Bradley,Robinson,shannon.robinson@example.com,808-698-5278x6906,2017-02-25,1990-06-17,O-,Female,Indian,48808 Jason Harbor Suite 042,,12175,Gulbarga,karnataka,India,2023-03-13,8e3b9143-50b1-43a0-b61a-16ee76e19966,Rise point make expect million.
Karen,,Anderson,karen.anderson@example.com,821.885.9931x00763,2015-08-21,2009-12-31,AB+,Male,Indian,707 Mccullough Ridges Apt. 824,Suite 259,04502,Gulbarga,karnataka,India,2023-11-25,8d9f8cd7-863f-4d3f-bdd8-d8edebd657e0,Method fact suggest.
Rebecca,Tara,Rodriguez,rebecca.rodriguez@example.com,001-438-537-2724x1965,2022-10-09,1998-04-14,AB+,Female,Indian,1362 Thompson Brook Apt. 922,Suite 481,45166,Gulbarga,karnataka,India,,,
Jeffrey,,Todd,jeffrey.todd@example.com,206.466.9422x371,2019-10-08,2001-09-18,A+,Female,Indian,10758 Melissa Pike Suite 755,,07236,Gulbarga,karnataka,India,2023-01-12,ff1cba5b-43ed-4860-af48-b4f6d364b6fa,Scene wife consumer new.
Amanda,Kevin,Lopez,amanda.lopez@example.com,341-758-4332,2016-08-24,2005-04-01,B-,Other,Indian,253 Jeremy Park,,52332,Gulbarga,karnataka,India,,,
Cheryl,,Turner,cheryl.turner@example.com,+1-689-344-1929x31188,2022-02-04,2001-03-16,A+,Female,Indian,803 Butler Islands Apt. 913,Apt. 870,66395,Gulbarga,karnataka,India,,,
Brian,,Harris,brian.harris@example.com,209.317.2665x698,2018-09-27,1999-10-11,O+,Female,Indian,887 Adam Grove Apt. 047,,67871,Gulbarga,karnataka,India,2023-06-20,6bdeda9e-c662-41a1-a97a-57f54c203c42,Economic beautiful many far.
Claire,,Brown,claire.brown@example.com,311-779-8134,2018-08-26,1990-05-12,B+,Female,Indian,6682 Wilson Walk,Suite 165,86789,Gulbarga,karnataka,India,2023-04-11,720c3989-2a2e-4aea-a91c-62a3ddf8e93e,Budget arm create glass new.
Amy,Kevin,Adkins,amy.adkins@example.com,405.268.1618x55497,2020-01-23,2002-05-26,AB-,Male,Indian,066 Lindsey Pike Apt. 395,,76254,Gulbarga,karnataka,India,2023-12-11,de0904d3-3e65-4a01-8ad4-823cb405ba8e,College worry firm policy.
Samuel,,Bowman,samuel.bowman@example.com,+1-673-258-8592x75671,2022-08-18,1997-02-12,B-,Female,Indian,71614 Berry Harbor,,55517,Gulbarga,karnataka,India,2023-01-01,6ad1ecbd-ffea-402b-accb-c3a2ab820c3f,Past enter report which this little sport.
Karen,Kimberly,Dean,karen.dean@example.com,+1-765-946-0787x9278,2018-01-29,1994-03-24,O+,Female,Indian,32068 Kari Hills,Apt. 658,87174,Gulbarga,karnataka,India,2023-09-05,217869bf-1b6a-43ef-b28e-246669191a56,Hear season ten free exactly threat eight.
Chelsea,,Johnson,chelsea.johnson@example.com,001-530-227-6327x144,2021-10-20,2007-04-19,A-,Female,Indian,05505 Randall Terrace Apt. 298,,44759,Gulbarga,karnataka,India,2023-07-08,b05383b6-fb51-4af7-b1ed-6a4f7b34d974,Care probably tell produce audience including.
Linda,Larry,Russell,linda.russell@example.com,+1-766-899-6822x85081,2015-04-28,2007-03-31,AB-,Female,Indian,20161 Gonzalez Pass,Apt. 620,35669,Gulbarga,karnataka,India,2023-11-12,8a7d201d-35fb-46e8-8cdd-87809dc8b509,Choose bag body.
Andrew,James,Blankenship,andrew.blankenship@example.com,2377242938,2021-10-05,2006-09-23,O+,Other,Indian,486 Brandi Hollow Suite 860,,39070,Gulbarga,karnataka,India,2023-03-15,a3003723-07ec-46fb-b31b-89808e79b000,Miss always interesting project soldier.
Kathryn,Erica,Klein,kathryn.klein@example.com,+1-422-988-1603,2019-12-07,1990-02-18,O-,Other,Indian,565 Floyd Cliff,Apt. 768,96824,Gulbarga,karnataka,India,,,
Craig,Brandy,Calderon,craig.calderon@example.com,590-747-8356,2021-05-08,1992-05-17,B-,Female,Indian,28914 Travis Parks Apt. 959,,29377,Gulbarga,karnataka,India,,,
Samantha,Anthony,Arellano,samantha.arellano@example.com,(404)650-6774,2016-03-05,1992-10-13,A+,Male,Indian,7628 Robert Shoal Apt. 659,,94925,Gulbarga,karnataka,India,,,
Kayla,,Hawkins,kayla.hawkins@example.com,(307)363-1472x892,2021-09-22,1999-03-13,AB-,Female,Indian,1631 Joseph Forks Suite 105,Apt. 916,62564,Gulbarga,karnataka,India,2023-02-04,f2da2555-40fd-4869-9480-59f8c5c7dca1,Thousand put left all religious.
Sharon,,Larson,sharon.larson@example.com,+1-715-310-5533x3267,2015-06-04,2009-08-09,AB-,Male,Indian,716 Kenneth Summit Apt. 699,,66028,Gulbarga,karnataka,India,2023-03-30,32a52495-8adb-4c71-b662-7dfb445422ba,Upon all base break view responsibility moment.
Megan,Lauren,Cummings,megan.cummings@example.com,595-590-3131,2019-11-18,1990-11-15,A-,Female,Indian,1767 Charles Station Apt. 733,,29470,Gulbarga,karnataka,India,2023-12-30,c357a7e2-f8a7-46e2-8f09-0df3cd92e76c,Trip while way.
Lori,Karen,Lynn,lori.lynn@example.com,+1-791-794-4288x895,2017-12-29,2007-07-14,B+,Male,Indian,382 Christina Roads Apt. 589,,13977,Gulbarga,karnataka,India,2023-07-09,898663ef-a021-4c60-82e1-f719004d9994,Mother animal room.
Amy,,Roberts,amy.roberts@example.com,433.928.6162x7146,2022-02-17,1999-04-13,A-,Male,Indian,635 Valdez Expressway Suite 668,Suite 271,14403,Gulbarga,karnataka,India,,,
Rebecca,,Murphy,rebecca.murphy@example.com,951-781-5049x7221,2022-05-08,1996-10-26,AB-,Male,Indian,63871 Jason Ports Apt. 554,Apt. 747,94193,Gulbarga,karnataka,India,2023-06-22,07d0ef30-e594-469e-83bc-b96d66f92026,Player each different.
Kimberly,,Leonard,kimberly.leonard@example.com,2703173764,2016-10-12,1991-01-04,AB-,Male,Indian,224 Brown Centers,,95199,Gulbarga,karnataka,India,2023-11-15,8b4bbd3d-16e7-429c-92c2-0e39c4d5ef2d,Gun build bank.
Edward,,Vasquez,edward.vasquez@example.com,593-979-8868,2021-02-13,1992-11-22,A+,Male,Indian,19955 Davis Expressway Suite 892,Apt. 494,24587,Gulbarga,karnataka,India,,,
Shannon,,Hooper,shannon.hooper@example.com,001-395-916-6165x41540,2022-07-24,1998-11-01,A-,Female,Indian,6373 Nancy Path,Suite 844,51539,Gulbarga,karnataka,India,,,
Andrea,,Middleton,andrea.middleton@example.com,826.310.2126,2018-12-01,1996-11-09,AB-,Female,Indian,99910 Wiley Springs,,06230,Gulbarga,karnataka,India,2023-01-15,7fecba94-c248-4b95-80fa-eb220e091097,Front edge write radio prevent.
Kevin,,Morgan,kevin.morgan@example.com,001-320-987-6431x84418,2021-07-21,1996-12-07,B+,Female,Indian,576 Meghan Lights,Apt. 509,14583,Gulbarga,karnataka,India,,,
Jeremiah,Linda,Smith,jeremiah.smith@example.com,949-221-0211x23154,2018-10-08,1991-07-31,A+,Male,Indian,26123 William Island Apt. 909,Apt. 520,39893,Gulbarga,karnataka,India,,,
Daniel,Jeff,Potter,daniel.potter@example.com,3784016465,2016-12-06,2000-03-06,A+,Other,Indian,490 Elizabeth Spurs Apt. 173,,34460,Gulbarga,karnataka,India,,,
Jennifer,Jorge,Hernandez,jennifer.hernandez@example.com,+1-784-616-6159x3881,2018-01-08,2002-03-28,B+,Female,Indian,2565 Nicole Cove Suite 329,,67401,Gulbarga,karnataka,India,2023-10-03,e6d79d8a-b6d1-428f-ae70-b0fcba4d9e2a,Reality send pattern team table former.
William,Tonya,Howard,william.howard@example.com,(375)228-3557x84297,2019-01-07,1990-05-02,A+,Female,Indian,47234 Mark Skyway Suite 188,Suite 799,57453,Gulbarga,karnataka,India,2023-02-02,de3c7484-9dc0-4b4c-b3ba-be3d0e2504ed,Human a pretty task trial almost provide.
Kimberly,,Green,kimberly.green@example.com,943-333-4505,2017-04-30,2000-06-26,AB-,Male,Indian,0867 Robinson Stream,,68024,Gulbarga,karnataka,India,,,
Gary,Autumn,Freeman,gary.freeman@example.com,(430)572-8031,2020-12-31,2000-10-15,A+,Male,Indian,204 Jamie Plain,Suite 327,05265,Gulbarga,karnataka,India,2023-10-28,83445ded-0ddf-47ab-a509-a3c3bb771fe5,Impact look why seem movie.
Donald,,Padilla,donald.padilla@example.com,(677)915-5013x6915,2016-05-22,2005-09-29,A+,Male,Indian,293 Carlos Valley,Apt. 862,82340,Gulbarga,karnataka,India,2023-12-16,268f4944-2bbf-470e-9cd4-5176b8abbcbc,But somebody result certainly.
Spencer,Terri,Young,spencer.young@example.com,001-373-951-2568x3806,2019-11-12,2006-03-15,B+,Other,Indian,58215 Henry Ridge Apt. 945,,14783,Gulbarga,karnataka,India,2023-03-07,e67a4df5-6cbc-4460-8d5d-74a28421a406,Rule bank wind well summer might your in.
Jessica,Chad,Collins,jessica.collins@example.com,958-454-0285x88181,2022-05-02,2005-11-15,B-,Male,Indian,162 Robinson Mountains Apt. 675,Apt. 888,87149,Gulbarga,karnataka,India,2023-10-10,e417d70d-b07d-4e59-9c2b-66ed7f87af22,Charge trial down whole.
Melanie,Gregory,Ross,melanie.ross@example.com,898.838.4121x4286,2021-03-21,2000-04-08,AB-,Female,Indian,0577 Patrick Ridge,Suite 999,58189,Gulbarga,karnataka,India,2023-12-26,9830bd51-7d2d-4a45-8f52-fdeab59a1bb2,Care decide message decade while near exactly site.
Melissa,,Newman,melissa.newman@example.com,384-833-5880x2762,2019-04-04,1992-03-09,A+,Other,Indian,4064 Jesse Ways Apt. 636,,99696,Gulbarga,karnataka,India,,,
Michael,Justin,Best,michael.best@example.com,654-565-2744x56864,2022-11-23,2007-07-26,O-,Male,Indian,763 Hunt Expressway,,09514,Gulbarga,karnataka,India,,,
Danny,,Byrd,danny.byrd@example.com,+1-227-930-1583,2020-06-18,1995-12-23,AB-,Male,Indian,142 Teresa Groves Suite 568,Apt. 015,44827,Gulbarga,karnataka,India,,,
Diana,Suzanne,Thompson,diana.thompson@example.com,(637)694-5473,2015-10-22,2003-05-23,A-,Other,Indian,9675 Matthew Stream,,89267,Gulbarga,karnataka,India,,,
Kenneth,,Gill,kenneth.gill@example.com,559-837-1403x030,2016-07-14,1997-06-06,O+,Other,Indian,183 William Extension,,25956,Gulbarga,karnataka,India,,,
Victoria,,Carlson,victoria.carlson@example.com,971-789-0530x690,2022-06-25,2003-12-18,B-,Female,Indian,2038 Baker Lakes,,24273,Gulbarga,karnataka,India,,,
Melanie,,Schneider,melanie.schneider@example.com,346-552-1142x6468,2020-01-31,2008-08-16,O-,Female,Indian,87890 Erica Courts,Apt. 815,99505,Gulbarga,karnataka,India,2023-04-19,7005b50d-f81a-4308-8ad5-74ed813e3cd0,Near wonder bag successful.
Johnathan,George,Wall,johnathan.wall@example.com,(914)840-1881x19516,2018-08-28,2001-08-30,A-,Female,Indian,0136 Mejia Causeway,Apt. 589,01803,Gulbarga,karnataka,India,2023-11-12,c9a777c7-a287-4276-ba73-56f7e640aa5f,Too himself life.
John,Stephanie,Walters,john.walters@example.com,(903)336-4473,2022-02-27,2000-07-08,AB+,Male,Indian,42413 Susan Trail,,13196,Gulbarga,karnataka,India,,,
Sharon,,Stewart,sharon.stewart@example.com,328-877-6583x72467,2019-10-13,2002-01-25,B-,Female,Indian,2178 Ruiz Fields Apt. 480,,27346,Gulbarga,karnataka,India,2023-04-18,4859454b-b478-46ca-bcf6-eb626636fc1a,Through I with play.
Bianca,,Short,bianca.short@example.com,001-349-325-6608x049,2017-06-28,1993-11-18,A-,Male,Indian,264 Sanchez Skyway Apt. 905,,05536,Gulbarga,karnataka,India,2023-05-26,06e64d36-cf71-4aff-9877-d5a1bc2d17df,Speak walk here stuff door experience indeed.
William,,Blankenship,william.blankenship@example.com,255.692.5009,2015-11-15,2005-12-18,A+,Female,Indian,714 Bishop Estates,Apt. 872,52174,Gulbarga,karnataka,India,2023-04-17,be1f3c7a-2bca-4fd4-892c-b11e0b811f4f,North never card ground good answer mother.
Jesse,Jill,Gibson,jesse.gibson@example.com,475.810.5901x01571,2022-02-12,1993-10-21,A-,Other,Indian,1944 Lori Flat Apt. 229,Suite 785,49656,Gulbarga,karnataka,India,2023-04-22,fff0e91d-9119-416b-b384-6fd342575290,Onto require we should.
Matthew,Dorothy,Adams,matthew.adams@example.com,2187953041,2020-06-30,1996-07-21,O+,Female,Indian,69234 Miller Rest,,98151,Gulbarga,karnataka,India,,,
Jack,,Smith,jack.smith@example.com,932-935-6458x253,2016-08-20,1997-03-22,B+,Other,Indian,63824 Case Drive Apt. 564,Apt. 402,16124,Gulbarga,karnataka,India,,,
Joseph,Chelsea,Simpson,joseph.simpson@example.com,+1-868-370-5850x48145,2022-11-09,1990-10-07,AB-,Other,Indian,67154 Garza Garden,Apt. 694,65288,Gulbarga,karnataka,India,,,
Crystal,Jennifer,Washington,crystal.washington@example.com,322.687.5914x1756,2016-12-26,1997-06-18,A+,Male,Indian,60045 Tyler Hill,,41177,Gulbarga,karnataka,India,,,
Michael,,Smith,michael.smith@example.com,+1-809-670-4440x04386,2022-09-12,2003-03-19,B-,Male,Indian,6842 Brooks Street Apt. 286,,58253,Gulbarga,karnataka,India,,,
Kirsten,,Potter,kirsten.potter@example.com,+1-277-704-1557,2020-12-08,1991-11-30,O+,Other,Indian,5621 Jesse Mission,,36019,Gulbarga,karnataka,India,2023-10-04,b2206f4f-f824-48ff-a5d6-8d3444e82a0b,Especially simple successful term.
Daniel,Diana,Davis,daniel.davis@example.com,350-718-0901,2020-08-26,2002-06-11,A-,Other,Indian,60162 Mary Cape,Suite 555,01285,Gulbarga,karnataka,India,,,
Alyssa,Lindsey,Freeman,alyssa.freeman@example.com,(496)943-3939x6064,2015-12-17,2000-05-21,B-,Female,Indian,409 Johnson Parkways,Apt. 657,15937,Gulbarga,karnataka,India,2023-02-17,a4b32632-e923-41e0-9f1f-d84a65111f80,North third more into at produce wish add.
Adrian,James,Reed,adrian.reed@example.com,(575)886-9964,2018-03-06,1998-01-22,AB-,Other,Indian,930 Alan Center,,16299,Gulbarga,karnataka,India,,,
Morgan,,Marsh,morgan.marsh@example.com,(811)633-5555x7651,2018-01-17,2003-11-23,B+,Male,Indian,2652 Williams Views Suite 251,,23452,Gulbarga,karnataka,India,,,
Todd,James,King,todd.king@example.com,438-215-5766,2019-01-21,1992-01-25,AB+,Female,Indian,482 Christopher Ramp,Suite 271,04759,Gulbarga,karnataka,India,,,
Raymond,,Curtis,raymond.curtis@example.com,618.912.7877,2021-08-20,1998-12-15,B-,Male,Indian,5642 Rollins Wells,Apt. 197,05251,Gulbarga,karnataka,India,,,
Rebecca,James,Sparks,rebecca.sparks@example.com,360.724.3738x6473,2018-05-09,1997-06-23,A+,Other,Indian,590 Cruz Corners,,41128,Gulbarga,karnataka,India,,,
Lauren,Laura,Roman,lauren.roman@example.com,216.636.6579x78005,2019-02-21,1993-10-08,O-,Female,Indian,41484 Charles Park,,65875,Gulbarga,karnataka,India,,,
Jose,,Navarro,jose.navarro@example.com,001-875-801-8313x9697,2020-10-22,1990-03-26,AB+,Female,Indian,9711 Mitchell Green Apt. 871,,48600,Gulbarga,karnataka,India,,,
Jacob,Jason,Sanchez,jacob.sanchez@example.com,797.309.8887x421,2017-04-04,1999-09-26,A+,Female,Indian,137 Dorsey Motorway Apt. 990,,50358,Gulbarga,karnataka,India,,,
Michelle,William,Hall,michelle.hall@example.com,+1-963-306-6637x715,2017-08-04,2008-10-19,AB-,Female,Indian,322 Duran Freeway Apt. 746,,26384,Gulbarga,karnataka,India,,,
Kristin,,Wright,kristin.wright@example.com,001-409-637-7093x1518,2022-10-06,1999-03-30,B+,Female,Indian,56549 Murray Branch Suite 306,Apt. 924,17115,Gulbarga,karnataka,India,,,
Matthew,,Collins,matthew.collins@example.com,+1-662-864-2856x850,2019-06-29,1997-06-18,AB+,Male,Indian,607 Ashley Station Apt. 543,Suite 462,41308,Gulbarga,karnataka,India,2023-11-07,6eda38bf-f965-48d0-a311-6e5cf70e1ed5,Speech whose age environment Congress pattern.
Jennifer,Marco,Baker,jennifer.baker@example.com,+1-233-687-1974x97755,2021-07-30,1999-01-02,AB+,Male,Indian,4383 Thomas Junction Suite 196,Suite 821,18108,Gulbarga,karnataka,India,,,
Jorge,,Ross,jorge.ross@example.com,840.928.1036x0308,2020-04-01,2004-01-26,AB-,Female,Indian,68574 Espinoza Garden,,65099,Gulbarga,karnataka,India,,,
Amanda,Elizabeth,Blair,amanda.blair@example.com,(846)579-1525,2022-04-09,1990-06-25,A-,Female,Indian,3567 Nathaniel Spur Apt. 888,Apt. 822,72474,Gulbarga,karnataka,India,2023-11-11,4c519339-b9a3-41a9-9b63-fa10a82c4cbf,Still perform without could.
Dorothy,,Smith,dorothy.smith@example.com,001-361-667-5613x0066,2017-10-04,2007-09-05,O-,Female,Indian,2277 Geoffrey Shoals,Suite 250,02509,Gulbarga,karnataka,India,,,
Rachel,Kimberly,Hahn,rachel.hahn@example.com,381.713.9405,2019-02-26,2009-07-14,A+,Male,Indian,59353 Smith Points Suite 937,,48875,Gulbarga,karnataka,India,2023-10-25,59de7aed-0635-4faa-bfe4-55e469cd056f,Behind present smile imagine beat behavior.
Barbara,,Spencer,barbara.spencer@example.com,469-933-9967,2020-06-29,1998-06-24,B-,Male,Indian,0496 Lauren Orchard Apt. 475,,45839,Gulbarga,karnataka,India,2023-04-14,c70a8990-a9af-44ce-99da-47aa7e1a0246,Think almost often how benefit happen better.
Chelsea,Michael,Kennedy,chelsea.kennedy@example.com,869.700.1619x560,2021-06-18,2006-05-23,O-,Female,Indian,268 Hayden Crescent,,40265,Gulbarga,karnataka,India,,,
Leah,Lance,Tyler,leah.tyler@example.com,317-325-5777x293,2015-09-30,2002-03-25,A-,Female,Indian,6430 Lopez Brooks,Apt. 130,55797,Gulbarga,karnataka,India,2023-10-24,560eba61-5bad-4769-a23d-07db7866ea28,Task activity her about look me.
Samantha,,Moran,samantha.moran@example.com,4972633430,2019-12-07,2005-01-08,O+,Female,Indian,1493 Casey Heights,Suite 823,83042,Gulbarga,karnataka,India,,,
April,Albert,Ellis,april.ellis@example.com,001-325-597-8790,2019-06-26,2004-09-29,A+,Male,Indian,34764 Morales Plain Apt. 654,,94426,Gulbarga,karnataka,India,2023-06-29,0f67d4d9-1aac-4cb7-93a7-beaa4f755a69,Better wrong like.
Lisa,,Jackson,lisa.jackson@example.com,8913818611,2018-05-03,2006-05-24,AB+,Other,Indian,0169 Fernandez Station,,38562,Gulbarga,karnataka,India,2023-04-23,0388087d-ee4b-4b4e-9d76-50297d59eae4,Hold health goal medical care fire.
Karina,,Shaffer,karina.shaffer@example.com,(995)515-7965x2909,2015-11-27,2004-12-01,AB+,Other,Indian,8634 Blanchard Lake,Suite 499,28581,Gulbarga,karnataka,India,2023-01-05,75f18ea6-57d8-4ab3-961e-842d6205e7c6,Form ahead image specific we give.
Alexandra,Claire,Johnson,alexandra.johnson@example.com,001-242-601-7352,2020-05-25,2006-07-29,A-,Male,Indian,5726 Autumn Prairie,Apt. 648,20615,Gulbarga,karnataka,India,2023-08-05,26449f47-ac4a-4757-9c3d-879d5dd89877,Cultural official ago successful pull though think.
Walter,Heather,Livingston,walter.livingston@example.com,(738)640-1661,2015-08-01,1995-05-07,O+,Female,Indian,08380 Jones Mews,,04811,Gulbarga,karnataka,India,2023-02-02,89365542-28b2-4ea6-83d9-0e91e3bb0649,Republican world draw fall free remember ok.
Shannon,Jeffrey,Proctor,shannon.proctor@example.com,(557)649-9917,2020-10-20,1993-12-13,AB+,Female,Indian,8336 Deborah Curve,,26559,Gulbarga,karnataka,India,2023-01-30,0632fdd1-cff6-4ad3-aad6-0437eb1de923,Fire look month road grow.
David,Bryce,Medina,david.medina@example.com,(993)601-0522x72491,2017-12-15,1994-05-04,B-,Female,Indian,91111 Brown Stream Suite 621,,52071,Gulbarga,karnataka,India,2023-08-28,f05567d2-2f12-49cb-8307-836fd5671a24,Instead of memory doctor.
James,Tracy,Gibson,james.gibson@example.com,882.254.4720,2022-10-07,2009-12-29,AB-,Male,Indian,30554 Kelly Forge Apt. 360,Apt. 021,83739,Gulbarga,karnataka,India,2023-11-12,018f4ff5-dbbc-40e7-9616-3cb852b8023c,Approach down final growth quite American step true.
David,Joyce,Diaz,david.diaz@example.com,(847)554-2566,2021-01-26,2002-06-22,AB-,Female,Indian,12075 Morgan Haven Apt. 852,Suite 461,21445,Gulbarga,karnataka,India,2023-12-28,0edb2199-7e6d-46e4-a479-fa26400047b6,In discussion lay threat energy specific bad.
David,,Oneill,david.oneill@example.com,(365)695-9744x20472,2015-02-02,2007-09-06,O-,Female,Indian,309 Taylor Ports Suite 726,Apt. 921,32785,Gulbarga,karnataka,India,,,
Kristi,,Clarke,kristi.clarke@example.com,328.540.2566,2021-03-25,2004-11-23,A-,Female,Indian,5384 Russell Loop,,68604,Gulbarga,karnataka,India,,,
Tiffany,,Olson,tiffany.olson@example.com,001-516-778-7400,2019-01-30,1995-05-03,A+,Male,Indian,0324 Matthew Meadows,,60884,Gulbarga,karnataka,India,2023-12-12,5b3ae64c-afbb-48f8-945f-a89cbbe58179,Employee arm up according present during.
Carla,,Nguyen,carla.nguyen@example.com,001-948-707-5116x61323,2019-01-29,2003-06-09,A+,Male,Indian,0938 James Radial Apt. 972,Suite 843,49906,Gulbarga,karnataka,India,,,
Vanessa,Mark,Lee,vanessa.lee@example.com,934.449.5192x61279,2020-04-12,2004-12-24,O-,Male,Indian,4323 Ferguson Tunnel,Suite 048,22621,Gulbarga,karnataka,India,2023-05-18,75e05cda-1243-4d01-969f-66a8bc984031,Paper home parent gas.
James,,Sullivan,james.sullivan@example.com,+1-874-279-9922,2020-07-03,1996-01-20,AB-,Other,Indian,7984 Cunningham Branch Apt. 163,Suite 841,61663,Gulbarga,karnataka,India,2023-09-14,bc92f066-fa1e-4a6f-9da6-2f1a1325b458,Specific establish article building whose western.
Lisa,Katie,Glass,lisa.glass@example.com,(702)974-7740x403,2015-09-29,2006-01-15,B-,Male,Indian,8754 Garrett Mall,,01315,Gulbarga,karnataka,India,2023-09-14,ff41d790-f419-46fe-91e8-4a4be0b46af7,Use two somebody seven beyond.
Stephen,,Perkins,stephen.perkins@example.com,001-662-451-2168x048,2015-04-12,1996-02-04,O-,Female,Indian,336 Hartman Knolls,Apt. 866,16687,Gulbarga,karnataka,India,2023-11-12,3c220f2c-f9b1-4294-b0e6-7f19001ec941,Grow size remain eye week check continue.
Aaron,Paula,Macias,aaron.macias@example.com,001-243-418-6819,2020-09-01,1990-09-23,B-,Male,Indian,1330 Henderson Tunnel,Apt. 545,66359,Gulbarga,karnataka,India,,,
Ryan,Adam,Sullivan,ryan.sullivan@example.com,(261)683-0453x1942,2022-07-15,1999-07-05,O+,Other,Indian,891 Richmond Trail,,66652,Gulbarga,karnataka,India,2023-07-04,04ccd6b0-a9a5-4118-af17-76ef877ee723,Too around campaign crime instead because.
Shannon,,Massey,shannon.massey@example.com,826-407-0187x938,2016-06-01,2006-06-08,AB-,Other,Indian,3780 Kari Falls Suite 890,,54717,Gulbarga,karnataka,India,2023-08-01,7422dc37-f0c7-4a92-9f28-2edab5ef9005,Agent skill church direction race rise international miss.
Logan,Paul,Reed,logan.reed@example.com,001-211-841-4138x824,2016-06-29,2004-12-30,A-,Other,Indian,82051 Vickie River,Apt. 744,02346,Gulbarga,karnataka,India,2023-10-17,63a0c748-c0b7-41a3-839a-14efb50b8d42,Since three someone if.
Matthew,,Jackson,matthew.jackson@example.com,207-806-7519x612,2018-04-07,2006-05-27,A-,Other,Indian,52333 Rebecca Extension Suite 235,,92613,Gulbarga,karnataka,India,,,
Austin,,Wilkins,austin.wilkins@example.com,880-593-2863x5086,2022-07-09,1994-04-24,AB-,Female,Indian,2632 Adams Meadow Apt. 433,Suite 631,39874,Gulbarga,karnataka,India,2023-12-20,dae4667c-eb5d-4c91-9640-15f502ea5ed4,Move hit full station sea whether.
Veronica,,Frost,veronica.frost@example.com,001-470-429-6859x06458,2015-09-01,1997-03-02,A-,Male,Indian,33979 Jeremy Cove Suite 530,,54828,Gulbarga,karnataka,India,,,
Mindy,,Martin,mindy.martin@example.com,8209537454,2015-03-19,1995-05-23,AB+,Female,Indian,978 Brittany Burg Apt. 628,Suite 598,94106,Gulbarga,karnataka,India,,,
Joel,,Douglas,joel.douglas@example.com,717-389-5806x01676,2020-09-02,2000-08-10,B-,Other,Indian,15613 Gloria Fields,,35482,Gulbarga,karnataka,India,,,
David,Charles,Porter,david.porter@example.com,+1-650-857-4799,2017-12-18,2004-12-01,O-,Female,Indian,3229 Bartlett Ville Apt. 141,Suite 023,84819,Gulbarga,karnataka,India,2023-12-01,cfd6979b-0918-46e7-91ab-d9f4f962e801,Official change successful authority interesting growth decade.
Jennifer,,Skinner,jennifer.skinner@example.com,446-382-3008x951,2018-10-21,2003-07-02,AB-,Male,Indian,9834 Franco Flats Apt. 161,,04068,Gulbarga,karnataka,India,2023-06-24,104d63c0-c0c6-453d-8320-e23823c8497a,Produce cup never whether.
Larry,Allen,Fernandez,larry.fernandez@example.com,265-569-7906x566,2015-09-27,2002-07-05,B-,Female,Indian,22917 Russell Lock,,29328,Gulbarga,karnataka,India,2023-08-21,6c3412e1-d9c7-45ce-a112-b1597c0e5fdf,Fish easy course wall suffer system between especially.
Michelle,,Christian,michelle.christian@example.com,392-486-3552,2019-06-07,2001-10-13,AB+,Female,Indian,8650 Johnathan Cove Apt. 772,,45412,Gulbarga,karnataka,India,,,
Christina,Kelly,Cortez,christina.cortez@example.com,421.394.5186x687,2019-06-14,2000-04-10,AB-,Male,Indian,6535 Haley Hills,Apt. 404,96033,Gulbarga,karnataka,India,,,
Taylor,David,Wiggins,taylor.wiggins@example.com,001-242-562-2484x13601,2016-02-13,1994-09-23,O+,Female,Indian,21762 Terry Walks,Suite 235,11030,Gulbarga,karnataka,India,2023-11-30,1646d93b-df1e-4bef-8c6d-5edac6608abd,Push else share third.
John,Theresa,Galloway,john.galloway@example.com,(381)700-1440x370,2020-11-21,1999-07-13,AB+,Male,Indian,328 Hernandez Hill,,08497,Gulbarga,karnataka,India,2023-03-04,2eef4910-12bf-4c17-8f14-d9af7576e437,Pattern billion top store fund decade picture.
Margaret,,Park,margaret.park@example.com,930.355.0081x900,2015-11-07,2001-02-09,A-,Female,Indian,01919 Escobar Course,Suite 287,38171,Gulbarga,karnataka,India,2023-12-05,95cfb487-1b80-4ef7-9544-c75b510923b4,Hot agent term able somebody strategy draw picture.
Caitlin,Rebecca,Price,caitlin.price@example.com,(205)701-5190,2021-11-18,1992-05-31,B+,Other,Indian,843 Lopez Island,,70332,Gulbarga,karnataka,India,2023-01-02,fce172a8-2008-4361-a7aa-f5e0d7130122,Season within girl development.
Lynn,,Shaw,lynn.shaw@example.com,+1-682-464-6940x95573,2022-02-06,1992-05-07,B+,Other,Indian,09973 Christopher Plaza Suite 540,,08399,Gulbarga,karnataka,India,,,
Kristen,,Romero,kristen.romero@example.com,+1-254-302-4653,2016-10-30,2004-05-18,AB-,Other,Indian,66554 Schmidt Islands,Apt. 958,32275,Gulbarga,karnataka,India,2023-03-01,5f46e9ef-8262-411e-b172-51be565a7243,Involve drive red site.
Jeremy,Denise,Morris,jeremy.morris@example.com,001-457-365-2199x065,2017-07-07,1999-07-15,B+,Male,Indian,791 Thomas Flat Apt. 408,,48155,Gulbarga,karnataka,India,,,
Robert,,Casey,robert.casey@example.com,941-687-6364x45109,2018-02-26,1997-09-14,A+,Male,Indian,770 Ford Path Apt. 555,,37577,Gulbarga,karnataka,India,2023-06-16,5b8ecd66-d4ae-4cb9-bce4-f0fda968a6a9,Each parent wife peace another prove summer.
Todd,,Wilson,todd.wilson@example.com,3623810422,2018-11-10,1990-06-24,AB+,Other,Indian,706 Jessica Lights Apt. 144,,15197,Gulbarga,karnataka,India,,,
Mary,,Mckinney,mary.mckinney@example.com,+1-716-831-9109x32345,2022-07-01,1991-03-12,A-,Other,Indian,9707 Vazquez Ports Apt. 773,,60686,Gulbarga,karnataka,India,,,
Alexis,Megan,White,alexis.white@example.com,+1-434-976-9498x702,2016-02-16,2000-02-24,O+,Male,Indian,38431 Nancy Street Suite 408,,72935,Gulbarga,karnataka,India,,,
James,,Parker,james.parker@example.com,+1-571-973-1907x14124,2022-12-01,1994-03-28,AB+,Other,Indian,85623 Levi Freeway Suite 042,Suite 279,05267,Gulbarga,karnataka,India,,,
Dustin,,Estes,dustin.estes@example.com,472-346-8650,2020-03-13,2008-02-20,AB+,Male,Indian,3302 Rhonda Green,,81374,Gulbarga,karnataka,India,2023-02-09,6f067e5c-2e01-4dc6-ac94-fd4a1c77ac33,Seek crime main hand.
Christopher,,Lopez,christopher.lopez@example.com,8344839480,2016-06-25,2003-08-02,B+,Female,Indian,45124 James Glens Apt. 111,,59512,Gulbarga,karnataka,India,2023-10-30,8e7676b2-a827-44f0-8d00-11402769a8c5,Figure get war head little born.
Willie,,Owens,willie.owens@example.com,306-372-9580,2015-01-01,1995-01-12,B+,Male,Indian,4847 Martin Route,,38319,Gulbarga,karnataka,India,2023-05-23,a72dd96e-87aa-44db-8471-14485ea0f96e,Research seven rich accept man live spend million.
William,,Hicks,william.hicks@example.com,+1-646-721-7638x7267,2015-06-26,1998-02-12,A-,Other,Indian,70545 Shah Park Apt. 683,,36843,Gulbarga,karnataka,India,,,
Adam,Joseph,Tran,adam.tran@example.com,001-693-391-3565x23263,2020-03-11,2009-04-13,O-,Other,Indian,962 Ryan Shoal,,51123,Gulbarga,karnataka,India,2023-10-25,af04ff13-0688-47e7-b021-03ecaad8f6b8,Outside include carry fish for red.
Victoria,Brandi,Maldonado,victoria.maldonado@example.com,+1-428-506-6967,2015-06-29,1994-05-21,O+,Other,Indian,490 Monica Hill Suite 709,Suite 154,66810,Gulbarga,karnataka,India,,,
Robert,Brenda,Ramirez,robert.ramirez@example.com,+1-508-414-3931x7090,2018-01-19,1997-04-07,A+,Male,Indian,78943 Williams Plaza,,13628,Gulbarga,karnataka,India,,,
Kenneth,,Nelson,kenneth.nelson@example.com,333-969-2872x09234,2017-06-10,2005-09-04,O-,Other,Indian,77581 Daniel Orchard,,52736,Gulbarga,karnataka,India,2023-07-31,42d64069-e726-4a80-b494-8960ca783ed8,Edge if ability ever world meeting.
Brian,Steven,Andrews,brian.andrews@example.com,323-417-8440x709,2021-11-22,1999-10-01,A-,Male,Indian,4130 Richard Springs Suite 861,,45823,Gulbarga,karnataka,India,,,
Melissa,,Snow,melissa.snow@example.com,524.391.2321x0687,2015-02-27,2004-08-09,B+,Male,Indian,230 Salas Row Suite 393,Suite 901,39999,Gulbarga,karnataka,India,2023-05-23,76f5bb44-34c6-4b39-8d00-2caa3bf3a724,Catch single type lot.
Evan,Stephen,Clark,evan.clark@example.com,+1-937-740-8834x44259,2018-10-22,1998-11-19,A-,Female,Indian,828 Ashley Circle Apt. 779,Suite 536,22996,Gulbarga,karnataka,India,,,
Anna,,Lopez,anna.lopez@example.com,688.761.6816x97151,2018-12-26,1998-12-02,A-,Female,Indian,26622 Travis Forest,Apt. 874,28337,Gulbarga,karnataka,India,2023-03-06,d3c35b0c-9a46-4a7c-9ba8-355e4b89b663,Current onto official reduce I machine myself.
Dawn,,Anderson,dawn.anderson@example.com,928-570-2756x931,2022-11-15,1994-10-28,B-,Male,Indian,4314 Rodriguez Estates Suite 632,,99200,Gulbarga,karnataka,India,2023-05-21,037f4b65-9e9b-4a06-ad4d-d53b35ef7249,Assume board first human.
Richard,Candice,Hill,richard.hill@example.com,(298)463-9611x1346,2022-02-20,1999-06-15,AB-,Female,Indian,5381 James Junctions,Suite 308,92366,Gulbarga,karnataka,India,,,
Nicholas,Jason,Cummings,nicholas.cummings@example.com,9032479124,2016-11-10,2006-10-17,A+,Female,Indian,59028 Jose Road,Suite 524,54117,Gulbarga,karnataka,India,,,
Timothy,James,Curtis,timothy.curtis@example.com,+1-914-952-8461x0320,2019-09-16,1991-07-28,AB+,Male,Indian,180 Brown Mall Suite 435,Apt. 807,02262,Gulbarga,karnataka,India,,,
Megan,Patrick,Dyer,megan.dyer@example.com,(619)825-2748,2016-11-15,2004-03-28,B+,Female,Indian,73380 Jonathan Fall,Suite 372,89869,Gulbarga,karnataka,India,,,
Jessica,Richard,Perez,jessica.perez@example.com,(908)265-8428,2018-03-02,2008-11-15,O-,Female,Indian,355 Walker Knolls,Suite 218,77708,Gulbarga,karnataka,India,,,
John,Matthew,Flynn,john.flynn@example.com,001-554-383-8870,2017-06-16,2005-10-09,AB-,Other,Indian,5040 Donald Squares,Suite 144,31461,Gulbarga,karnataka,India,2023-12-10,7ce3d68d-3827-48fb-bc8b-0759c7f73e59,Half yes high edge.
Veronica,Daniel,Maynard,veronica.maynard@example.com,+1-304-205-6008x1073,2016-10-31,2007-08-09,O-,Other,Indian,3575 Hill Fall,,48781,Gulbarga,karnataka,India,2023-05-02,af59e821-3498-433a-80c9-4801a957c06f,Growth set performance make top seek edge.
Katherine,,Jacobson,katherine.jacobson@example.com,234.712.6953,2019-04-17,2008-06-24,B-,Female,Indian,82386 Sarah Mountain Suite 215,,19277,Gulbarga,karnataka,India,,,
Angela,,Stafford,angela.stafford@example.com,797-612-7725x4846,2015-01-14,2008-06-25,O-,Male,Indian,929 Jodi Forges Suite 488,Suite 952,91520,Gulbarga,karnataka,India,2023-02-05,ffdef89e-af38-421f-a433-37b95b138c34,Subject daughter sense kid his how.
Donald,Terri,Griffin,donald.griffin@example.com,(674)800-1330x3883,2019-04-11,2001-06-24,B+,Male,Indian,1644 Armstrong Points,,54048,Gulbarga,karnataka,India,,,
Sheri,Julia,Guerrero,sheri.guerrero@example.com,801.599.6041x95853,2020-06-23,2004-08-04,AB+,Male,Indian,4144 Jennifer Camp Apt. 585,Suite 256,57442,Gulbarga,karnataka,India,2023-09-01,9026f305-f4ab-449e-bd48-eaad010aa870,Must message exist prevent single.
Kenneth,,Martin,kenneth.martin@example.com,(844)484-7864x3826,2019-11-14,1999-06-29,A-,Female,Indian,5197 Norman Avenue,,70829,Gulbarga,karnataka,India,,,
Gloria,,White,gloria.white@example.com,001-837-565-9385x1092,2015-12-23,2000-01-05,B+,Other,Indian,0935 Benjamin View Suite 499,Apt. 091,21406,Gulbarga,karnataka,India,,,
Stephanie,Jaclyn,Boone,stephanie.boone@example.com,977-584-2240,2016-08-07,2005-10-14,O+,Male,Indian,7566 West Landing,,84493,Gulbarga,karnataka,India,,,
Katie,,Baker,katie.baker@example.com,001-326-258-8101x4134,2015-07-24,2000-02-22,O-,Female,Indian,1494 Jack Village Suite 782,Apt. 676,38030,Gulbarga,karnataka,India,,,
Kenneth,Richard,Buchanan,kenneth.buchanan@example.com,+1-555-500-5916,2019-02-26,2000-02-04,B+,Male,Indian,34624 Alexandra Drives Suite 614,,71376,Gulbarga,karnataka,India,,,
Fernando,,Lester,fernando.lester@example.com,300.698.5760x417,2017-06-26,2008-07-20,O-,Female,Indian,86329 Randolph Plaza Apt. 392,Suite 002,30362,Gulbarga,karnataka,India,,,
Jessica,Jonathan,Peterson,jessica.peterson@example.com,7027101366,2020-10-23,2007-01-14,AB-,Other,Indian,16500 Perez Expressway Apt. 143,Suite 936,04776,Gulbarga,karnataka,India,,,
Charles,Robert,Martinez,charles.martinez@example.com,001-348-777-7202x33190,2015-11-24,1990-05-03,B-,Other,Indian,4708 Rhonda Mill Suite 264,,18445,Gulbarga,karnataka,India,2023-04-13,008a9637-3da7-4ec8-9283-1e6f7d96acba,Begin toward without.
Samantha,Gregory,Cole,samantha.cole@example.com,(444)820-3226x16894,2021-05-24,2008-03-17,B+,Female,Indian,071 Carol Brooks,Suite 119,18015,Gulbarga,karnataka,India,2023-02-03,9d468069-262a-45c4-b443-b11e1f388443,Performance allow side long.
Maria,Ashley,Pennington,maria.pennington@example.com,4434130668,2019-07-19,1994-12-01,O+,Male,Indian,01934 Barbara Tunnel,Apt. 812,20910,Gulbarga,karnataka,India,2023-05-27,422e1a10-2d6f-422d-9ff5-cf61eb6fed1f,Space whose message child begin.
Paul,,Curtis,paul.curtis@example.com,+1-643-468-7494,2015-08-06,2000-05-03,B-,Female,Indian,11726 Roberto Fork Apt. 509,Apt. 634,83388,Gulbarga,karnataka,India,2023-09-05,b9c29133-d059-4115-b6aa-ae54f6f57129,Return organization specific.
Nicole,,Porter,nicole.porter@example.com,298.427.5770,2016-06-03,1993-06-13,A-,Other,Indian,9841 Aguirre Rapids,Apt. 375,73230,Gulbarga,karnataka,India,,,
Christopher,Jorge,Navarro,christopher.navarro@example.com,001-202-856-0555,2021-03-13,1996-09-15,B+,Male,Indian,991 Lee Orchard,Apt. 003,53983,Gulbarga,karnataka,India,2023-05-08,f10b1071-7843-4e81-876f-efe7cecba054,Produce admit investment growth itself some society.
Holly,,Nelson,holly.nelson@example.com,861.618.2041,2022-03-26,2003-06-20,A+,Other,Indian,1596 Molina Place Apt. 603,,52510,Gulbarga,karnataka,India,,,
Lindsey,Susan,Newman,lindsey.newman@example.com,001-480-498-5008x6805,2019-11-20,1993-09-17,B+,Male,Indian,872 Dawn Pike,Apt. 481,27033,Gulbarga,karnataka,India,,,
Jesus,Amy,Williams,jesus.williams@example.com,323.422.2029x699,2016-10-24,2006-11-09,O-,Other,Indian,9299 Perez Station,Suite 033,06300,Gulbarga,karnataka,India,,,
Nicholas,Elizabeth,Blevins,nicholas.blevins@example.com,(299)577-9067x4715,2016-01-29,2003-06-21,AB+,Other,Indian,2548 Elizabeth Garden,Apt. 777,77800,Gulbarga,karnataka,India,2023-10-03,9fc78743-1689-478a-94ab-fc65bc349c9b,Hit rate evidence risk each office.
Aaron,,Bishop,aaron.bishop@example.com,(867)645-0711x7975,2017-04-24,1991-04-29,A+,Male,Indian,4089 Justin Lock Suite 657,Apt. 280,69245,Gulbarga,karnataka,India,2023-11-15,4ab1f0cf-251f-47bc-b565-d5aeeef1164e,Like right evidence fine clearly phone north property.
Laurie,Deborah,Koch,laurie.koch@example.com,780-721-8688,2019-08-27,2006-10-29,A-,Female,Indian,70588 Richard Shoal Apt. 009,,39750,Gulbarga,karnataka,India,,,
Danielle,Hector,Mercado,danielle.mercado@example.com,857.299.7005x0044,2016-12-16,1994-03-07,B+,Male,Indian,53390 Williams Inlet,,03731,Gulbarga,karnataka,India,,,
Thomas,Felicia,Thompson,thomas.thompson@example.com,001-979-566-0590x30324,2021-08-24,2002-05-02,O+,Male,Indian,97750 Ward Forges Suite 399,Suite 063,79683,Gulbarga,karnataka,India,,,
Terri,Joseph,Davis,terri.davis@example.com,233.400.9638x82944,2020-12-21,1990-06-20,B+,Male,Indian,413 Wade Forks Suite 800,Suite 889,18255,Gulbarga,karnataka,India,,,
Marissa,Jeremy,Cruz,marissa.cruz@example.com,001-488-367-5569x530,2022-05-07,2004-03-10,A+,Other,Indian,077 Phillips Stravenue,Apt. 094,28929,Gulbarga,karnataka,India,,,
Shannon,Nicholas,Turner,shannon.turner@example.com,(831)844-7082,2021-06-18,2003-04-22,B-,Male,Indian,03792 April Knoll,Apt. 688,46317,Gulbarga,karnataka,India,2023-03-11,62c89022-cfa7-429e-b086-ff8006b59c8f,Oil southern way perhaps care.
Kimberly,,Clark,kimberly.clark@example.com,001-326-404-9704,2015-03-06,1991-10-04,AB+,Male,Indian,8388 Rivas Via Suite 227,,32102,Gulbarga,karnataka,India,,,
John,,Lowe,john.lowe@example.com,+1-409-472-9972,2020-04-27,2005-10-02,A+,Male,Indian,90419 Haley Port Suite 940,Apt. 332,90027,Gulbarga,karnataka,India,,,
Jessica,Kevin,Cross,jessica.cross@example.com,+1-284-537-4171,2017-04-26,2003-08-23,A+,Male,Indian,185 Jenna Ramp,,93500,Gulbarga,karnataka,India,,,
Ashley,,Ferguson,ashley.ferguson@example.com,+1-479-973-3387x00119,2018-04-08,1991-06-25,B-,Female,Indian,9751 Diana Unions,,72164,Gulbarga,karnataka,India,2023-03-22,d843d6c3-e74d-4f63-a6d6-dd3ffe65d0bd,Letter amount concern avoid ok what individual.
Cynthia,Rebecca,Johnson,cynthia.johnson@example.com,+1-871-550-4843x66899,2017-06-29,2008-08-07,O+,Female,Indian,2575 Ramos Island,,76809,Gulbarga,karnataka,India,,,
Jeffrey,Yesenia,Oneill,jeffrey.oneill@example.com,960-884-7054,2015-09-20,2006-08-25,B-,Female,Indian,830 Melton Centers,,44344,Gulbarga,karnataka,India,,,
Tyler,Kenneth,Sims,tyler.sims@example.com,+1-732-543-5630,2020-11-07,2008-08-26,A+,Other,Indian,2302 Alice Way Suite 274,Suite 393,64428,Gulbarga,karnataka,India,,,
Taylor,,George,taylor.george@example.com,587-429-6363,2019-07-06,1998-05-22,A+,Female,Indian,0814 Silva Station Suite 192,Suite 811,58412,Gulbarga,karnataka,India,,,
Miguel,Timothy,Glover,miguel.glover@example.com,001-365-911-8835x14184,2022-01-16,2005-02-21,A+,Male,Indian,70761 Davis Mountain Apt. 650,Suite 656,71446,Gulbarga,karnataka,India,2023-10-22,32ad48ef-57ad-455d-b3d9-d1ef7bf3b161,Ok rate should at benefit significant protect.
Dennis,,Hendricks,dennis.hendricks@example.com,(477)368-2029,2016-07-14,1998-09-06,AB-,Female,Indian,780 Kari Trail Apt. 932,Apt. 598,73951,Gulbarga,karnataka,India,2023-06-30,416a312d-7408-4f71-9453-b15c8636e1a5,Give apply sure or.
Leslie,,Walker,leslie.walker@example.com,7392145998,2019-08-08,1993-10-24,A-,Other,Indian,291 Patterson Cape,,25697,Gulbarga,karnataka,India,,,
Amy,John,Wilson,amy.wilson@example.com,328.457.3944x23854,2022-05-10,2003-03-22,O-,Other,Indian,808 Orozco Harbor,,02926,Gulbarga,karnataka,India,2023-11-10,bc560435-f2c8-403a-bb9c-fab778038c14,Bar sit out different son beat stand.
Richard,Veronica,Myers,richard.myers@example.com,550.527.6356x6695,2017-06-27,1993-04-16,B-,Male,Indian,559 Melissa Loop Suite 141,,54489,Gulbarga,karnataka,India,,,
Kenneth,Sarah,Rodriguez,kenneth.rodriguez@example.com,7182655523,2022-07-16,2008-05-10,AB+,Female,Indian,6227 Thomas Bridge,,86954,Gulbarga,karnataka,India,,,
Angela,,Lee,angela.lee@example.com,001-261-723-0717,2022-11-01,1991-01-23,AB-,Male,Indian,2936 Myers Streets Suite 157,,09934,Gulbarga,karnataka,India,2023-12-09,d2d3cf9b-ddac-437a-9c0e-a0fdb23c69f0,Take thus show continue.
James,Jennifer,Turner,james.turner@example.com,(662)233-3738x58833,2022-06-09,1999-09-23,AB-,Female,Indian,34932 Melissa Keys Apt. 307,Suite 123,21209,Gulbarga,karnataka,India,,,
Loretta,Hayden,Simpson,loretta.simpson@example.com,001-615-928-0190,2018-07-11,2003-07-25,AB-,Other,Indian,4710 Singleton Views,Suite 807,28172,Gulbarga,karnataka,India,2023-06-16,766c7967-e3fe-44eb-9106-0392e1ee7969,Story political number environment.
Michael,,Maldonado,michael.maldonado@example.com,405.939.3838,2018-10-27,1997-02-26,O-,Female,Indian,57797 Jordan Estate Apt. 308,Suite 717,99934,Gulbarga,karnataka,India,,,
Thomas,Wayne,Taylor,thomas.taylor@example.com,(790)851-1080x47771,2020-01-28,1992-07-10,B+,Other,Indian,43945 Dalton Cape,,76361,Gulbarga,karnataka,India,2023-06-04,84e9bf36-a127-4907-9aaa-1d328c73e72a,Seem game modern those continue during great.
Matthew,David,Jones,matthew.jones@example.com,4779344253,2022-05-17,2000-05-05,O-,Male,Indian,78403 Campbell Turnpike Suite 135,Suite 550,89806,Gulbarga,karnataka,India,2023-08-03,89b737cd-24c2-4109-9113-672360e6b678,Tough get piece occur son keep.
Kevin,Susan,Anderson,kevin.anderson@example.com,527-622-7791x39417,2022-10-05,2000-10-09,B+,Female,Indian,11006 Smith Locks,,04249,Gulbarga,karnataka,India,,,
Carl,Colleen,Simpson,carl.simpson@example.com,001-793-825-7331,2019-03-19,1993-07-01,AB-,Male,Indian,4506 Walton Cape,,47275,Gulbarga,karnataka,India,2023-09-19,6d610463-6560-4e43-9cd7-36db36e52ae4,Worry bag who action.
Joseph,,Robbins,joseph.robbins@example.com,(280)970-1625,2015-07-27,1995-01-21,O+,Female,Indian,2205 Christina Valley Apt. 668,,29112,Gulbarga,karnataka,India,,,
Alan,Jeffrey,Carr,alan.carr@example.com,(200)249-9936x4460,2019-01-07,2002-10-20,A-,Male,Indian,1070 Wolfe Oval,,70580,Gulbarga,karnataka,India,2023-11-29,0c3b5029-44d1-45fb-8779-15b2d788b311,Weight beyond Mr parent evidence society laugh.
Michael,,Campbell,michael.campbell@example.com,(577)566-6444x3973,2019-10-05,2009-11-17,O+,Female,Indian,625 David Fords Apt. 537,Suite 076,64725,Gulbarga,karnataka,India,,,
Claudia,Allison,Mccormick,claudia.mccormick@example.com,(241)223-9906,2018-12-03,1995-07-04,B+,Other,Indian,402 Tracey Turnpike Apt. 850,Suite 696,09870,Gulbarga,karnataka,India,,,
Christopher,Adam,Miller,christopher.miller@example.com,001-638-289-7773x76521,2022-07-29,2006-08-28,AB+,Male,Indian,597 Allen Motorway,Apt. 709,18712,Gulbarga,karnataka,India,2023-01-24,eee0d516-faeb-4c04-a6f6-f8663eab709e,Mission until talk foreign watch put.
Sandra,,Hodge,sandra.hodge@example.com,342.526.8833x4751,2020-04-16,1999-01-18,AB-,Male,Indian,210 Aaron Forges,,14060,Gulbarga,karnataka,India,2023-12-22,3c0147a6-ce93-4aeb-bd6b-d6bc05542b22,City animal want need cup.
Alexandria,,Meadows,alexandria.meadows@example.com,001-694-941-2549,2017-02-10,2003-10-11,B-,Female,Indian,2272 Keith Drives,Suite 518,64396,Gulbarga,karnataka,India,2023-10-29,5c221d31-2541-4dbe-81ed-e18cf824a664,Condition executive open central life huge factor.
Jennifer,,Miller,jennifer.miller@example.com,734-865-1419x872,2015-02-26,2003-10-12,B-,Male,Indian,5191 Evans Light Apt. 534,Apt. 400,26731,Gulbarga,karnataka,India,2023-08-03,cda78a4a-8c79-4c27-950c-5eb256f1f5d4,Organization message push real adult.
Amber,,Marshall,amber.marshall@example.com,660-894-8270x44319,2017-10-24,1993-08-27,AB+,Other,Indian,313 Sean Union Apt. 706,,34391,Gulbarga,karnataka,India,,,
Diana,,May,diana.may@example.com,6373804676,2020-04-03,2002-01-23,A+,Female,Indian,9532 Allison Valleys,,96874,Gulbarga,karnataka,India,,,
Cynthia,,Barnett,cynthia.barnett@example.com,693.664.0376,2016-02-07,2003-01-16,B-,Female,Indian,86492 Jeanne Crossroad,Apt. 969,45094,Gulbarga,karnataka,India,,,
Tracy,,Powell,tracy.powell@example.com,878.215.3593x388,2020-05-15,1999-05-01,A-,Male,Indian,55919 Trevor Stravenue Suite 000,,96839,Gulbarga,karnataka,India,2023-04-15,73a79fab-caf8-418b-b7cb-6baa8371ca18,Forward nor social part full.
Christina,,Cruz,christina.cruz@example.com,001-990-498-9098,2016-05-10,2008-10-12,AB+,Female,Indian,287 John Harbor Suite 779,Apt. 208,95598,Gulbarga,karnataka,India,2023-11-27,a8267b5e-9d06-4988-8dbc-cc56936d28fd,Situation method idea though soldier.
John,,Elliott,john.elliott@example.com,934.600.9644,2018-11-24,2008-07-21,O-,Other,Indian,26622 Tammy Haven Suite 136,Suite 574,88663,Gulbarga,karnataka,India,2023-08-27,7fc9c3dd-9702-4588-9852-45921344ccd9,Manager half live.
Thomas,,Montoya,thomas.montoya@example.com,393.621.4424x552,2018-11-04,1997-02-09,O+,Other,Indian,732 Duran Mountain Apt. 616,,30652,Gulbarga,karnataka,India,2023-07-02,cbc2f0ef-84bb-4cd0-86d5-4892be4679ed,I ok about along follow begin throughout.
Tracy,,Thompson,tracy.thompson@example.com,001-319-222-2239x8212,2018-01-19,1992-02-17,B+,Female,Indian,82481 Sharon Summit,,72449,Gulbarga,karnataka,India,2023-01-01,7273dc03-0a4b-471e-949a-7fa1c2f646e0,Necessary page sport everything brother anything.
Sandra,Jason,Fox,sandra.fox@example.com,901-282-2324x287,2019-08-29,1990-04-30,A-,Female,Indian,2614 Walters Mall,,42134,Gulbarga,karnataka,India,2023-10-09,9a1c2533-6d3c-4218-a6f4-7cabad7d6113,Wear foreign whole memory right true name very.
Melissa,,Jones,melissa.jones@example.com,001-762-392-2697,2017-12-20,2001-11-08,O-,Other,Indian,7982 Carmen Passage,Suite 342,51192,Gulbarga,karnataka,India,2023-09-14,f1677d00-bd68-4393-8a37-aca00dedc993,Large treatment course land easy traditional decision.
Jasmine,David,Bailey,jasmine.bailey@example.com,+1-623-450-5689x73011,2017-09-23,2003-09-22,O+,Female,Indian,9791 Christina Port Apt. 528,Suite 560,40804,Gulbarga,karnataka,India,2023-11-26,8e0ed4dc-8e32-45a0-a16b-1322fce7e7e2,Worry task world follow.
Sean,,Walker,sean.walker@example.com,001-544-873-2908,2018-06-11,1996-01-04,O+,Male,Indian,637 Joshua Forks Suite 540,,25925,Gulbarga,karnataka,India,2023-08-16,11f7d44c-43cb-4a8a-adee-4f82d0e87d97,Suffer its itself box.
Gabriella,Richard,Anderson,gabriella.anderson@example.com,001-282-266-5767x436,2022-12-08,2003-08-06,A+,Other,Indian,34610 Lamb Vista Apt. 223,Suite 954,63702,Gulbarga,karnataka,India,,,
Nicholas,,Vaughan,nicholas.vaughan@example.com,+1-727-484-0482x27827,2019-03-23,1998-01-26,AB-,Male,Indian,328 Calvin Lock Apt. 676,Apt. 200,65226,Gulbarga,karnataka,India,2023-07-10,44e76b76-4c8a-45dc-b0f9-9f33c860d361,Then continue discuss strong.
Christina,Joel,Michael,christina.michael@example.com,+1-770-505-6941x19299,2016-11-25,2001-04-03,A-,Other,Indian,30561 Joseph Burg Apt. 204,Apt. 443,78943,Gulbarga,karnataka,India,2023-03-27,2ab28b88-17cc-44da-891b-afded3db21d0,Positive clear statement.
Paula,Amy,Crawford,paula.crawford@example.com,4677298460,2016-11-07,2004-11-11,B-,Other,Indian,1287 Erin Trail Suite 467,Suite 278,68956,Gulbarga,karnataka,India,2023-07-28,8d25f15b-191a-4d92-8889-4e276e49be47,Evening difficult want yourself this.
Peggy,,Klein,peggy.klein@example.com,324.229.6706,2017-02-03,2009-10-10,O+,Male,Indian,948 Martin Extension Suite 070,Suite 433,01107,Gulbarga,karnataka,India,,,
Heather,,Johnson,heather.johnson@example.com,519.944.1604,2015-03-30,1993-08-18,O+,Female,Indian,06204 Martinez Gardens Apt. 201,,69522,Gulbarga,karnataka,India,,,
Stephen,,Bell,stephen.bell@example.com,4952656172,2022-08-18,2003-10-29,O-,Other,Indian,3809 Scott Mall,,69455,Gulbarga,karnataka,India,,,
Kevin,,Ashley,kevin.ashley@example.com,(883)987-7419,2016-07-29,1994-10-12,O+,Other,Indian,3004 Stewart Grove,Apt. 941,91594,Gulbarga,karnataka,India,2023-01-21,5490608f-a7a7-4995-911d-2dd8ad71c9a3,Pay you six responsibility garden receive PM remember.
Danielle,Ronald,Delgado,danielle.delgado@example.com,001-463-986-9325x1757,2015-05-06,1997-11-03,O+,Other,Indian,47652 Dominguez Light,,66059,Gulbarga,karnataka,India,,,
Amanda,,Stewart,amanda.stewart@example.com,(963)687-1830x79883,2015-12-31,1992-02-17,B-,Other,Indian,20774 Kerr Shoal,Suite 430,00574,Gulbarga,karnataka,India,,,
Sarah,Jessica,Carter,sarah.carter@example.com,838-546-9343x283,2016-06-14,2000-11-12,A+,Male,Indian,6422 Deanna Islands Apt. 224,Suite 033,52960,Gulbarga,karnataka,India,2023-06-15,799d8fe2-2de1-484b-89d2-e5f4c1d9ba35,Four hard gun human yet become.
Rhonda,,Roberts,rhonda.roberts@example.com,922.472.4829,2020-06-21,1993-11-03,A-,Female,Indian,02302 Jodi Radial Apt. 557,,37124,Gulbarga,karnataka,India,,,
Jeffery,,Riley,jeffery.riley@example.com,+1-555-445-2676x544,2021-07-15,1994-06-16,B+,Other,Indian,36755 Anderson Walk,,68470,Gulbarga,karnataka,India,2023-09-02,45f8cde3-399a-4912-bf27-a76e68b3dfac,Top begin include goal.
Cheryl,Virginia,Griffith,cheryl.griffith@example.com,641-969-6813x290,2016-09-05,1999-08-05,O+,Other,Indian,338 Benjamin Spring,,29133,Gulbarga,karnataka,India,2023-09-25,b2a35d4a-1923-4d73-b4aa-b3e1b0b1bda5,Between at different threat green.
Timothy,,Perry,timothy.perry@example.com,+1-310-510-7190,2017-09-30,1991-01-26,O-,Male,Indian,682 Cynthia Plain,Suite 549,59105,Gulbarga,karnataka,India,,,
Antonio,Maria,Miller,antonio.miller@example.com,001-521-493-0108,2017-10-16,2008-09-08,AB-,Female,Indian,16598 Hernandez Vista,Suite 328,43516,Gulbarga,karnataka,India,2023-11-22,12a40e38-64a0-4fda-9ebb-d66bb4c1b918,Yes politics painting century.
James,Taylor,Sims,james.sims@example.com,947.691.5285x799,2021-05-19,2004-08-30,AB+,Female,Indian,7810 James Causeway Suite 571,,71348,Gulbarga,karnataka,India,2023-03-17,cdc42104-bd57-4f71-a011-799a26d9db84,Claim style bill possible amount painting.
Jennifer,,Richards,jennifer.richards@example.com,571-624-1422,2021-10-20,1996-06-10,AB-,Other,Indian,35953 Bridget Isle,Apt. 085,50855,Gulbarga,karnataka,India,2023-02-04,92b8e30f-911a-47f5-9b33-18fc6795d403,Occur popular cut fill.
David,Kent,Bennett,david.bennett@example.com,+1-243-986-9660x88060,2016-04-23,2003-03-31,O-,Male,Indian,530 Herrera Landing Apt. 373,,83184,Gulbarga,karnataka,India,,,
Debra,Janice,Ballard,debra.ballard@example.com,2519022474,2020-04-27,1991-10-01,O+,Female,Indian,9877 Joy Knolls Suite 264,,97568,Gulbarga,karnataka,India,,,
Lorraine,Caleb,Brown,lorraine.brown@example.com,001-444-589-7725x758,2015-01-27,2004-06-20,A-,Other,Indian,871 Kara Creek Apt. 369,Suite 479,74834,Gulbarga,karnataka,India,2023-07-20,12699c32-6369-4703-b60d-e07063bae12d,Night above best.
Courtney,Jennifer,Reed,courtney.reed@example.com,(660)475-7191x55621,2019-08-08,2003-04-12,B-,Female,Indian,33392 Daniel Roads Apt. 480,,33957,Gulbarga,karnataka,India,,,
Matthew,Edwin,Walter,matthew.walter@example.com,489-711-6412x6367,2016-12-22,2004-08-10,AB+,Male,Indian,320 Booth Village Apt. 551,Suite 305,97088,Gulbarga,karnataka,India,,,
Julian,Samuel,Bird,julian.bird@example.com,001-417-614-7830x7590,2019-08-14,2000-06-28,A+,Other,Indian,759 Washington Gardens Suite 830,Apt. 606,59413,Gulbarga,karnataka,India,,,
Christopher,,Stephenson,christopher.stephenson@example.com,507.475.5034,2015-02-02,1995-05-12,O+,Female,Indian,4375 Roberts Orchard,,39332,Gulbarga,karnataka,India,2023-11-16,e3bc5fef-6278-4123-b9d4-dde6d4497e55,Hand explain remain as eye might night.
Erin,,Becker,erin.becker@example.com,774-822-3324x67721,2020-10-10,1999-07-07,AB+,Male,Indian,630 Bowman Mill,,67962,Gulbarga,karnataka,India,2023-09-08,b091797b-2c26-4ff0-a85c-4dfab1306a40,Will character method cell senior.
Dawn,Mark,Martin,dawn.martin@example.com,562-554-1117,2022-11-07,2004-01-28,B+,Female,Indian,447 Davis Fords Suite 858,Suite 401,66529,Gulbarga,karnataka,India,2023-05-25,040d6bc3-f810-4434-9711-3446b24f95d1,Career since I executive factor project.
Joshua,,Todd,joshua.todd@example.com,6645723827,2017-03-27,1998-11-15,AB+,Other,Indian,0054 Parks Fort Apt. 186,,35000,Gulbarga,karnataka,India,2023-11-25,504b6429-69fa-4512-8b20-bbdb8e406793,Particularly note right cultural town accept power.
Kristen,Mary,Clark,kristen.clark@example.com,205.510.4028,2016-12-03,2005-11-23,O-,Other,Indian,5003 Chambers Mill Suite 918,,87567,Gulbarga,karnataka,India,2023-04-30,3dac1090-0962-480b-a8c3-08f685186b3a,Lose room interest last.
Tony,David,Baldwin,tony.baldwin@example.com,001-289-412-8503x88534,2021-12-19,2007-06-30,AB+,Male,Indian,7342 Stacy Rapid,,19487,Gulbarga,karnataka,India,,,
